{"cameraMode":{"drawMode":0,"name":"Shaded","section":"Shading Mode"},"sceneLighting":false,"audioPlay":false,"sceneViewState":{"showFog":false,"showMaterialUpdate":false,"showSkybox":false,"showFlares":false,"showImageEffects":false,"showParticleSystems":false},"in2DMode":false,"pivot":{"x":1.4805755615234376,"y":0.8968353271484375,"z":0.0},"rotation":{"x":0.6580991744995117,"y":0.10390214622020722,"z":-0.09240502119064331,"w":0.7399803996086121},"size":1.1108417510986329,"orthographic":false}