{"cameraMode":{"drawMode":0,"name":"Shaded","section":"Shading Mode"},"sceneLighting":true,"audioPlay":false,"sceneViewState":{"showFog":false,"showMaterialUpdate":false,"showSkybox":false,"showFlares":false,"showImageEffects":false,"showParticleSystems":false},"in2DMode":false,"pivot":{"x":-339.24066162109377,"y":-70.04798889160156,"z":-58.03606414794922},"rotation":{"x":-0.0731707438826561,"y":0.9203752875328064,"z":-0.3223622143268585,"w":-0.20891204476356507},"size":58.342247009277347,"orthographic":false}