{"cameraMode":{"drawMode":0,"name":"Shaded","section":"Shading Mode"},"sceneLighting":true,"audioPlay":false,"sceneViewState":{"showFog":true,"showMaterialUpdate":false,"showSkybox":true,"showFlares":true,"showImageEffects":true,"showParticleSystems":true},"in2DMode":false,"pivot":{"x":-309.6773681640625,"y":-10.563297271728516,"z":-33.78472137451172},"rotation":{"x":-0.01773657836019993,"y":0.9819972515106201,"z":-0.12322254478931427,"w":-0.14243000745773316},"size":26.219661712646486,"orthographic":false}